longitude,latitude,label,start_date,end_date,cube,time_series
-58.9689179403905,-2.5707643303344145,CORTE SELETIVO,2024-01-01,2024-12-18,S2-16D-2,"{""Index"": [""2024-01-01"", ""2024-01-17"", ""2024-02-02"", ""2024-02-18"", ""2024-03-05"", ""2024-03-21"", ""2024-04-06"", ""2024-04-22"", ""2024-05-08"", ""2024-05-24"", ""2024-06-09"", ""2024-06-25"", ""2024-07-11"", ""2024-07-27"", ""2024-08-12"", ""2024-08-28"", ""2024-09-13"", ""2024-09-29"", ""2024-10-15"", ""2024-10-31"", ""2024-11-16"", ""2024-12-02"", ""2024-12-18""], ""coastal"": [0.2952, 1.1597, 0.0342, 0.0298, 0.5513, 0.1454, 0.0376, 0.033600000000000005, 0.0436, 0.0234, 0.063, 0.0709, 0.0173, 0.0176, 0.0263, 0.027700000000000002, 0.0339, 0.055200000000000006, 0.5434, 0.0269, 0.3275, 0.0718, 0.2074], ""blue"": [0.275, 1.0868, 0.032600000000000004, 0.033100000000000004, 0.6191, 0.1188, 0.0408, 0.0324, 0.039900000000000005, 0.0268, 0.08030000000000001, 0.0273, 0.022500000000000003, 0.022500000000000003, 0.029, 0.0292, 0.031100000000000003, 0.049600000000000005, 0.4983, 0.0252, 0.43360000000000004, 0.0711, 0.24430000000000002], ""green"": [0.2645, 1.0247, 0.047900000000000005, 0.0432, 0.5655, 0.1193, 0.0521, 0.0461, 0.0475, 0.0251, 0.0811, 0.038, 0.034300000000000004, 0.032100000000000004, 0.040400000000000005, 0.0441, 0.0489, 0.07010000000000001, 0.4813, 0.0465, 0.36760000000000004, 0.0755, 0.22130000000000002], ""red"": [0.2451, 0.9973000000000001, 0.0376, 0.031400000000000004, 0.5332, 0.1085, 0.0402, 0.034800000000000005, 0.029500000000000002, 0.0179, 0.056600000000000004, 0.026600000000000002, 0.0201, 0.022000000000000002, 0.0258, 0.0253, 0.0339, 0.0438, 0.47740000000000005, 0.030500000000000003, 0.3069, 0.0516, 0.1888], ""red-edge-1"": [2912, 11103, 784, 706, 6024, 1468, 792, 744, 712, 298, 997, 705, 567, 620, 667, 704, 798, 1012, 5319, 850, 3261, 926, 2021], ""red-edge-2"": [3579, 10498, 1959, 1858, 6165, 2331, 2086, 2043, 2074, 660, 2282, 1894, 1690, 1909, 1899, 2122, 2149, 2801, 5675, 2289, 3724, 2098, 2303], ""red-edge-3"": [3894, 10545, 2476, 2420, 6397, 2752, 2725, 2534, 2804, 850, 2967, 2419, 2260, 2450, 2471, 2731, 2704, 3627, 5872, 2924, 3941, 2597, 2410], ""nir"": [0.3876, 0.9642000000000001, 0.22210000000000002, 0.2359, 0.6258, 0.2768, 0.26180000000000003, 0.2456, 0.25, 0.0888, 0.2958, 0.23090000000000002, 0.22210000000000002, 0.23370000000000002, 0.2414, 0.2718, 0.26880000000000004, 0.35500000000000004, 0.5504, 0.2887, 0.4877, 0.2651, 0.2817], ""water-vapour"": [12850, 15568, 3022, 2966, 14194, 5471, 3083, 3046, 3335, 1059, 3370, 3237, 2659, 2964, 2909, 3139, 3173, 3883, 8047, 3554, 14881, 2995, 3565], ""swir-1"": [2958, 6888, 1592, 1521, 4724, 1876, 1711, 1585, 1691, 559, 1799, 1495, 1310, 1409, 1412, 1483, 1598, 2010, 5328, 1728, 2995, 1352, 1800], ""swir-2"": [2528, 5041, 737, 707, 3378, 1101, 804, 701, 711, 277, 879, 951, 543, 602, 586, 637, 676, 907, 4624, 748, 2360, 633, 1233], ""narrow-nir"": [4164, 10338, 2801, 2707, 6371, 3135, 3057, 2903, 3042, 945, 3252, 2750, 2592, 2862, 2789, 3042, 3086, 4056, 6108, 3357, 4054, 2909, 2481], ""evi"": [0.5194, -0.684, 0.4806, 0.49400000000000005, 1.3455000000000001, 0.47740000000000005, 0.5348, 0.5085000000000001, 0.5810000000000001, 0.1913, 0.6319, 0.5049, 0.49350000000000005, 0.5286000000000001, 0.5202, 0.5636, 0.537, 0.6977, 0.4519, 0.5738, -3.2768, 0.5605, 0.2702], ""nbr"": [0.2444, 0.34440000000000004, 0.5833, 0.5858, 0.307, 0.4801, 0.5835, 0.6109, 0.6211, 0.5466, 0.5744, 0.48600000000000004, 0.6535000000000001, 0.6524, 0.6527000000000001, 0.6537000000000001, 0.6406000000000001, 0.6344000000000001, 0.13820000000000002, 0.6355000000000001, 0.2641, 0.6425000000000001, 0.336], ""ndvi"": [0.2589, 0.0179, 0.7632, 0.7921, 0.0887, 0.4857, 0.7675000000000001, 0.7859, 0.8231, 0.6814, 0.7035, 0.8236, 0.8560000000000001, 0.8572000000000001, 0.8306, 0.8464, 0.802, 0.805, 0.12250000000000001, 0.8334, 0.13820000000000002, 0.6986, 0.13570000000000002]}"
-58.96110895436578,-2.682798260934769,CORTE SELETIVO,2024-01-01,2024-12-18,S2-16D-2,"{""Index"": [""2024-01-01"", ""2024-01-17"", ""2024-02-02"", ""2024-02-18"", ""2024-03-05"", ""2024-03-21"", ""2024-04-06"", ""2024-04-22"", ""2024-05-08"", ""2024-05-24"", ""2024-06-09"", ""2024-06-25"", ""2024-07-11"", ""2024-07-27"", ""2024-08-12"", ""2024-08-28"", ""2024-09-13"", ""2024-09-29"", ""2024-10-15"", ""2024-10-31"", ""2024-11-16"", ""2024-12-02"", ""2024-12-18""], ""coastal"": [0.058800000000000005, 0.040600000000000004, 0.0303, 0.0328, 0.12000000000000001, 0.0913, 0.0386, 0.046700000000000005, 0.0526, 0.3261, 0.6129, 0.023700000000000002, 0.0219, 0.0269, 0.0318, 0.0328, 0.040600000000000004, 1.3381, 0.0473, 0.034300000000000004, 0.3059, 0.0505, 0.0636], ""blue"": [0.055, 0.0371, 0.027700000000000002, 0.040400000000000005, 0.1037, 0.12190000000000001, 0.0692, 0.0352, 0.0828, 0.22130000000000002, 0.6065, 0.0361, 0.0285, 0.07640000000000001, 0.041600000000000005, 0.039, 0.0495, 1.2779, 0.0611, 0.0429, 0.2943, 0.0432, 0.0751], ""green"": [0.0741, 0.038400000000000004, 0.0488, 0.0546, 0.1153, 0.1207, 0.092, 0.049800000000000004, 0.09870000000000001, 0.22760000000000002, 0.5910000000000001, 0.051000000000000004, 0.045200000000000004, 0.1101, 0.0562, 0.057300000000000004, 0.0718, 1.1581000000000001, 0.08660000000000001, 0.0585, 0.2752, 0.056100000000000004, 0.09090000000000001], ""red"": [0.0833, 0.026500000000000003, 0.037000000000000005, 0.047, 0.09960000000000001, 0.09770000000000001, 0.0926, 0.034300000000000004, 0.10650000000000001, 0.25880000000000003, 0.5943, 0.039400000000000004, 0.0383, 0.1245, 0.0494, 0.0446, 0.0707, 1.0859, 0.0911, 0.0465, 0.24650000000000002, 0.0449, 0.0965], ""red-edge-1"": [1212, 478, 936, 1046, 1594, 1470, 1351, 790, 1334, 3196, 6529, 1004, 927, 1287, 1117, 1124, 1288, 11566, 1410, 1057, 2820, 951, 1294], ""red-edge-2"": [2486, 1049, 2191, 2117, 2882, 2340, 2330, 1908, 2388, 3803, 6610, 2033, 2016, 2324, 2179, 2247, 2524, 10556, 2667, 2241, 3501, 1971, 2371], ""red-edge-3"": [2859, 1342, 2731, 2717, 3516, 2687, 3054, 2304, 3095, 4056, 6757, 2543, 2552, 2704, 2724, 2989, 2945, 10219, 3168, 2816, 3887, 2361, 2898], ""nir"": [0.2348, 0.1336, 0.2644, 0.26880000000000004, 0.3438, 0.2949, 0.3038, 0.2672, 0.3168, 0.34690000000000004, 0.6007, 0.2587, 0.2495, 0.30260000000000004, 0.2803, 0.30760000000000004, 0.2805, 1.0502, 0.2805, 0.28200000000000003, 0.3935, 0.2354, 0.2316], ""water-vapour"": [3659, 1501, 3024, 2963, 3873, 4831, 3123, 2755, 3144, 12358, 9167, 2667, 2614, 2845, 2935, 3146, 3224, 16453, 3678, 3274, 13346, 3118, 3527], ""swir-1"": [2186, 729, 1817, 1868, 2431, 1856, 2196, 1475, 2259, 3360, 5338, 1799, 1799, 2154, 2019, 1999, 2256, 7382, 2380, 1895, 2842, 1575, 2190], ""swir-2"": [1047, 316, 821, 897, 1587, 978, 1059, 654, 1090, 3095, 4748, 872, 866, 1077, 992, 935, 1054, 6275, 1165, 896, 2653, 788, 1071], ""narrow-nir"": [3400, 1461, 3125, 2939, 3838, 3011, 3345, 2506, 3306, 4265, 6763, 2809, 2777, 3122, 3104, 3254, 3352, 9987, 3585, 3136, 4079, 2673, 3330], ""evi"": [0.4496, 0.2911, 0.5191, 0.4849, 0.5902000000000001, 0.5225000000000001, 0.441, 0.4534, 0.41540000000000005, 0.31770000000000004, 0.29560000000000003, 0.4843, 0.4626, 0.31570000000000004, 0.5039, 0.5397000000000001, 0.4763, 0.20370000000000002, 0.462, 0.5254, 0.5936, 0.45840000000000003, 0.4383], ""nbr"": [0.5291, 0.6443, 0.5838, 0.5323, 0.41490000000000005, 0.5096, 0.519, 0.5860000000000001, 0.504, 0.1589, 0.17500000000000002, 0.5262, 0.5245000000000001, 0.48700000000000004, 0.5156000000000001, 0.5535, 0.5215000000000001, 0.22820000000000001, 0.5094000000000001, 0.5555, 0.21180000000000002, 0.5446, 0.5132], ""ndvi"": [0.6064, 0.6929000000000001, 0.7882, 0.7242000000000001, 0.5879, 0.51, 0.5663, 0.7592, 0.5126000000000001, 0.2447, 0.0645, 0.7539, 0.7575000000000001, 0.4298, 0.7254, 0.7589, 0.6516000000000001, -0.041800000000000004, 0.5947, 0.7417, 0.2466, 0.7123, 0.5506]}"
-58.942123171190346,-2.6652714724318445,CORTE SELETIVO,2024-01-01,2024-12-18,S2-16D-2,"{""Index"": [""2024-01-01"", ""2024-01-17"", ""2024-02-02"", ""2024-02-18"", ""2024-03-05"", ""2024-03-21"", ""2024-04-06"", ""2024-04-22"", ""2024-05-08"", ""2024-05-24"", ""2024-06-09"", ""2024-06-25"", ""2024-07-11"", ""2024-07-27"", ""2024-08-12"", ""2024-08-28"", ""2024-09-13"", ""2024-09-29"", ""2024-10-15"", ""2024-10-31"", ""2024-11-16"", ""2024-12-02"", ""2024-12-18""], ""coastal"": [0.0594, 0.051000000000000004, 0.0247, 0.0307, 0.0514, 0.0829, 0.042300000000000004, 0.039900000000000005, 0.0729, 0.098, 0.2844, 0.0302, 0.0252, 0.0286, 0.0358, 0.034300000000000004, 0.0431, 1.0872, 0.0366, 0.0317, 0.17400000000000002, 0.0541, 1.2592], ""blue"": [0.0526, 0.0379, 0.021, 0.0325, 0.0429, 0.0687, 0.051800000000000006, 0.0363, 0.0737, 0.12010000000000001, 0.28500000000000003, 0.031100000000000003, 0.027200000000000002, 0.0456, 0.0357, 0.034, 0.040600000000000004, 0.9009, 0.038, 0.0333, 0.16010000000000002, 0.0364, 1.2125000000000001], ""green"": [0.0627, 0.0489, 0.0367, 0.0455, 0.0519, 0.0825, 0.07, 0.058600000000000006, 0.0849, 0.1439, 0.3084, 0.0451, 0.0443, 0.0665, 0.049300000000000004, 0.0543, 0.060700000000000004, 0.8257, 0.0589, 0.0511, 0.1189, 0.0487, 1.1083], ""red"": [0.058300000000000005, 0.0415, 0.028900000000000002, 0.0335, 0.0328, 0.068, 0.0786, 0.057300000000000004, 0.0999, 0.1207, 0.329, 0.0361, 0.0386, 0.0813, 0.0386, 0.0347, 0.0524, 0.7789, 0.0623, 0.031100000000000003, 0.10200000000000001, 0.0357, 1.0311000000000001], ""red-edge-1"": [1065, 965, 791, 824, 899, 1195, 1209, 1002, 1380, 1592, 3406, 881, 914, 1183, 959, 941, 1104, 8390, 1075, 875, 1272, 701, 11195], ""red-edge-2"": [2199, 2200, 2029, 1958, 2168, 2390, 2395, 2264, 2473, 2576, 3632, 2251, 2008, 2302, 2162, 2361, 2312, 7754, 2397, 2207, 2127, 1670, 10298], ""red-edge-3"": [2728, 2755, 2443, 2344, 2784, 2835, 2822, 2777, 3069, 2985, 3679, 2730, 2527, 2846, 2730, 2921, 2933, 7583, 2854, 2733, 2765, 2080, 9814], ""nir"": [0.1952, 0.2175, 0.2101, 0.24960000000000002, 0.28340000000000004, 0.2793, 0.2333, 0.25880000000000003, 0.2558, 0.3398, 0.37, 0.25370000000000004, 0.24330000000000002, 0.2489, 0.24750000000000003, 0.2936, 0.2524, 0.7333000000000001, 0.23270000000000002, 0.2858, 0.2549, 0.2056, 1.0162], ""water-vapour"": [3242, 3481, 3046, 2917, 3306, 4921, 3530, 3354, 3639, 4495, 8835, 3064, 2965, 3154, 3143, 3338, 3361, 16520, 3547, 3350, 8391, 2879, 15904], ""swir-1"": [1867, 1933, 1627, 1607, 1810, 1914, 2174, 1976, 2511, 2425, 3222, 1953, 1791, 2230, 1838, 1758, 2000, 5223, 2000, 1709, 1758, 1227, 5792], ""swir-2"": [949, 879, 727, 760, 835, 965, 1056, 909, 1237, 1202, 2670, 914, 851, 1186, 857, 789, 1069, 4334, 952, 755, 1713, 600, 4440], ""narrow-nir"": [2980, 3001, 2780, 2632, 3065, 3086, 3050, 3099, 3281, 3309, 3660, 2938, 2800, 3019, 2933, 3177, 3108, 7371, 3105, 2988, 3123, 2469, 9567], ""evi"": [0.4781, 0.5111, 0.4812, 0.47050000000000003, 0.5791000000000001, 0.5006, 0.4077, 0.4571, 0.41490000000000005, 0.45520000000000005, 0.07690000000000001, 0.5044000000000001, 0.4615, 0.3809, 0.5065000000000001, 0.5566, 0.48910000000000003, 0.3018, 0.4434, 0.5416000000000001, 0.7266, 0.4444, 0.1956], ""nbr"": [0.5169, 0.5469, 0.5854, 0.5518000000000001, 0.5717, 0.5235000000000001, 0.48560000000000003, 0.5464, 0.4524, 0.467, 0.1563, 0.5254, 0.5338, 0.4359, 0.5477000000000001, 0.6021000000000001, 0.48810000000000003, 0.2594, 0.5306000000000001, 0.5965, 0.29150000000000004, 0.6089, 0.366], ""ndvi"": [0.6727000000000001, 0.757, 0.8116, 0.7741, 0.8066, 0.6388, 0.5901000000000001, 0.6879000000000001, 0.5331, 0.46540000000000004, 0.053200000000000004, 0.7811, 0.7576, 0.5756, 0.7673, 0.803, 0.7114, -0.0275, 0.6657000000000001, 0.8114, 0.5076, 0.7473000000000001, -0.0374]}"
-58.94201207602967,-2.665010752991041,CORTE SELETIVO,2024-01-01,2024-12-18,S2-16D-2,"{""Index"": [""2024-01-01"", ""2024-01-17"", ""2024-02-02"", ""2024-02-18"", ""2024-03-05"", ""2024-03-21"", ""2024-04-06"", ""2024-04-22"", ""2024-05-08"", ""2024-05-24"", ""2024-06-09"", ""2024-06-25"", ""2024-07-11"", ""2024-07-27"", ""2024-08-12"", ""2024-08-28"", ""2024-09-13"", ""2024-09-29"", ""2024-10-15"", ""2024-10-31"", ""2024-11-16"", ""2024-12-02"", ""2024-12-18""], ""coastal"": [0.0555, 0.058600000000000006, 0.0257, 0.031200000000000002, 0.0546, 0.08460000000000001, 0.041600000000000005, 0.0396, 0.08420000000000001, 0.0902, 0.274, 0.028900000000000002, 0.0253, 0.0285, 0.0356, 0.0345, 0.0431, 1.1332, 0.036500000000000005, 0.0323, 0.1812, 0.0596, 1.256], ""blue"": [0.0611, 0.0538, 0.0273, 0.038, 0.0473, 0.0751, 0.061500000000000006, 0.0459, 0.07640000000000001, 0.10260000000000001, 0.3748, 0.040100000000000004, 0.0381, 0.0497, 0.0465, 0.042100000000000005, 0.0553, 0.9962000000000001, 0.051800000000000006, 0.0371, 0.11710000000000001, 0.041100000000000005, 1.1194], ""green"": [0.084, 0.0683, 0.045700000000000005, 0.051300000000000005, 0.0579, 0.0878, 0.082, 0.0679, 0.0877, 0.0826, 0.3184, 0.058800000000000005, 0.0575, 0.0679, 0.0635, 0.0608, 0.0791, 0.9023, 0.07590000000000001, 0.0512, 0.1009, 0.057100000000000005, 1.0394], ""red"": [0.0782, 0.0712, 0.053700000000000005, 0.049600000000000005, 0.0538, 0.0823, 0.11030000000000001, 0.0824, 0.11040000000000001, 0.08220000000000001, 0.26630000000000004, 0.0589, 0.0585, 0.09090000000000001, 0.06960000000000001, 0.0562, 0.0896, 0.8487, 0.0959, 0.0456, 0.0961, 0.0516, 0.9614], ""red-edge-1"": [1135, 1108, 792, 816, 1016, 1334, 1273, 1155, 1349, 1219, 2733, 1073, 1003, 1068, 1110, 1060, 1298, 9212, 1297, 864, 1496, 934, 10320], ""red-edge-2"": [2471, 2303, 1610, 1744, 1981, 2172, 2115, 2091, 2462, 2257, 2713, 2008, 1927, 2183, 2028, 2108, 2369, 8550, 2255, 2034, 2491, 1981, 9550], ""red-edge-3"": [2936, 2715, 1986, 2304, 2471, 2395, 2670, 2515, 3015, 2842, 2736, 2468, 2289, 2553, 2493, 2519, 2614, 8407, 2787, 2568, 2925, 2383, 9159], ""nir"": [0.2422, 0.23900000000000002, 0.17900000000000002, 0.2081, 0.22820000000000001, 0.2444, 0.2303, 0.23120000000000002, 0.24760000000000001, 0.27080000000000004, 0.404, 0.2444, 0.2262, 0.2393, 0.2424, 0.2602, 0.2472, 0.7973, 0.2639, 0.22260000000000002, 0.20980000000000001, 0.20700000000000002, 0.9437000000000001], ""water-vapour"": [3277, 3690, 3105, 3012, 3372, 4977, 3544, 3339, 3693, 3807, 8311, 3058, 2943, 3184, 3187, 3368, 3409, 16520, 3632, 3443, 8561, 3006, 15906], ""swir-1"": [2099, 2212, 1907, 1858, 1870, 2137, 2318, 2153, 2466, 2165, 2559, 2086, 2081, 2319, 2126, 2105, 2295, 5719, 2387, 1809, 2017, 1529, 4991], ""swir-2"": [1062, 1161, 866, 883, 965, 1084, 1250, 1065, 1345, 1264, 1738, 1132, 1140, 1270, 1243, 1122, 1232, 4902, 1114, 906, 1804, 810, 3890], ""narrow-nir"": [3381, 2997, 2435, 2449, 2565, 2708, 2839, 2643, 3262, 3299, 2614, 2515, 2487, 2787, 2570, 2726, 2971, 8289, 3055, 2769, 3165, 2654, 8961], ""evi"": [0.48160000000000003, 0.43160000000000004, 0.3486, 0.38820000000000005, 0.4138, 0.3922, 0.2923, 0.3215, 0.3811, 0.5877, -0.2541, 0.36920000000000003, 0.3618, 0.3234, 0.3533, 0.41800000000000004, 0.3653, 0.08990000000000001, 0.3511, 0.4545, 0.5429, 0.4219, 0.2233], ""nbr"": [0.5219, 0.4415, 0.4753, 0.46990000000000004, 0.45320000000000005, 0.4282, 0.3886, 0.42550000000000004, 0.4161, 0.4459, 0.20120000000000002, 0.37920000000000004, 0.3713, 0.3739, 0.34800000000000003, 0.4168, 0.4137, 0.25670000000000004, 0.4655, 0.5069, 0.2738, 0.5323, 0.3945], ""ndvi"": [0.6243000000000001, 0.616, 0.6386000000000001, 0.6631, 0.6532, 0.5338, 0.4403, 0.5246000000000001, 0.49420000000000003, 0.601, -0.0092, 0.6204000000000001, 0.6191, 0.5081, 0.5737, 0.6581, 0.5365, -0.0118, 0.5221, 0.7172000000000001, 0.5341, 0.6744, -0.0351]}"
-58.9698806711625,-2.655682404683712,CORTE SELETIVO,2024-01-01,2024-12-18,S2-16D-2,"{""Index"": [""2024-01-01"", ""2024-01-17"", ""2024-02-02"", ""2024-02-18"", ""2024-03-05"", ""2024-03-21"", ""2024-04-06"", ""2024-04-22"", ""2024-05-08"", ""2024-05-24"", ""2024-06-09"", ""2024-06-25"", ""2024-07-11"", ""2024-07-27"", ""2024-08-12"", ""2024-08-28"", ""2024-09-13"", ""2024-09-29"", ""2024-10-15"", ""2024-10-31"", ""2024-11-16"", ""2024-12-02"", ""2024-12-18""], ""coastal"": [0.0429, 0.08940000000000001, 0.028200000000000003, 0.035, 0.32480000000000003, 0.1259, 0.0523, 0.043300000000000005, 0.1884, 0.2126, 0.1323, 0.024300000000000002, 0.0235, 0.027800000000000002, 0.033, 0.0354, 0.0407, 0.044000000000000004, 0.0414, 0.0358, 0.2469, 0.1168, 0.2182], ""blue"": [0.09190000000000001, 0.14, 0.0729, 0.0917, 0.3104, 0.1404, 0.136, 0.0978, 0.2401, 0.1579, 0.1656, 0.0839, 0.091, 0.0772, 0.0955, 0.09340000000000001, 0.11610000000000001, 0.0603, 0.10060000000000001, 0.0915, 0.39480000000000004, 0.1449, 0.1683], ""green"": [0.1356, 0.20450000000000002, 0.12340000000000001, 0.1416, 0.2862, 0.1741, 0.2182, 0.1579, 0.2474, 0.1754, 0.1668, 0.128, 0.14780000000000001, 0.12560000000000002, 0.14980000000000002, 0.1371, 0.1814, 0.0683, 0.164, 0.1519, 0.343, 0.1771, 0.1714], ""red"": [0.1779, 0.25720000000000004, 0.1691, 0.18130000000000002, 0.26680000000000004, 0.20980000000000001, 0.2787, 0.2015, 0.2629, 0.16920000000000002, 0.1588, 0.1698, 0.1942, 0.1595, 0.20670000000000002, 0.1857, 0.2419, 0.0756, 0.2228, 0.2099, 0.2893, 0.1963, 0.1731], ""red-edge-1"": [2066, 2265, 1580, 1818, 3037, 2209, 2316, 1790, 2982, 2090, 1647, 1293, 1495, 1815, 1733, 1891, 2182, 694, 2186, 1893, 3047, 2240, 1917], ""red-edge-2"": [2781, 3149, 2276, 2456, 3737, 2979, 3084, 2742, 3385, 3049, 1923, 2147, 2281, 2310, 2602, 2832, 2971, 1116, 3256, 2918, 3666, 3548, 2497], ""red-edge-3"": [3267, 3480, 2592, 2943, 4097, 3238, 3575, 3242, 3688, 3407, 2071, 2522, 2730, 2749, 2909, 3312, 3353, 1347, 3643, 3256, 3937, 4017, 2722], ""nir"": [0.2901, 0.3608, 0.2519, 0.2907, 0.3917, 0.31930000000000003, 0.373, 0.33230000000000004, 0.2982, 0.33340000000000003, 0.24250000000000002, 0.2807, 0.3259, 0.2632, 0.31880000000000003, 0.32730000000000004, 0.3652, 0.1017, 0.3673, 0.3306, 0.45570000000000005, 0.4098, 0.2765], ""water-vapour"": [3373, 3723, 2744, 3030, 5918, 5276, 3563, 3211, 3629, 7202, 3670, 2478, 2692, 2991, 3021, 3245, 3376, 1993, 3644, 3451, 11110, 4135, 5023], ""swir-1"": [2571, 2713, 1854, 2202, 3204, 2461, 2640, 2175, 2999, 2519, 1684, 1822, 2043, 2406, 2293, 2395, 2837, 753, 2533, 2358, 2862, 2902, 2020], ""swir-2"": [1170, 1356, 858, 1075, 2591, 1185, 1226, 967, 2592, 2077, 1153, 847, 981, 1091, 1041, 1084, 1232, 365, 1091, 1109, 2166, 1453, 1421], ""narrow-nir"": [3481, 3789, 2743, 2923, 4184, 3455, 3659, 3370, 3729, 3692, 2144, 2470, 2838, 2797, 3074, 3454, 3607, 1514, 3801, 3433, 4038, 4436, 2861], ""evi"": [0.2464, 0.1625, 0.1509, 0.16390000000000002, 0.5483, 0.21860000000000002, 0.108, 0.18680000000000002, 0.23920000000000002, 0.4166, 0.1502, 0.1179, 0.1268, 0.1812, 0.1374, 0.22690000000000002, 0.1529, 0.1643, 0.2003, 0.17400000000000002, 1.6027, 0.40280000000000005, 0.26580000000000004], ""nbr"": [0.4968, 0.4728, 0.5234, 0.4622, 0.2351, 0.4892, 0.498, 0.554, 0.17980000000000002, 0.27990000000000004, 0.3005, 0.4892, 0.4862, 0.43870000000000003, 0.49400000000000005, 0.5222, 0.4908, 0.6114, 0.5539000000000001, 0.5116, 0.3017, 0.5065000000000001, 0.3362], ""ndvi"": [0.3235, 0.1913, 0.23720000000000002, 0.2343, 0.2212, 0.24430000000000002, 0.13520000000000001, 0.2516, 0.17300000000000001, 0.3714, 0.1489, 0.1852, 0.1874, 0.2736, 0.1958, 0.30060000000000003, 0.1971, 0.33390000000000003, 0.2609, 0.2411, 0.1651, 0.3864, 0.24600000000000002]}"
-58.92401324693318,-2.6453990556977596,CORTE SELETIVO,2024-01-01,2024-12-18,S2-16D-2,"{""Index"": [""2024-01-01"", ""2024-01-17"", ""2024-02-02"", ""2024-02-18"", ""2024-03-05"", ""2024-03-21"", ""2024-04-06"", ""2024-04-22"", ""2024-05-08"", ""2024-05-24"", ""2024-06-09"", ""2024-06-25"", ""2024-07-11"", ""2024-07-27"", ""2024-08-12"", ""2024-08-28"", ""2024-09-13"", ""2024-09-29"", ""2024-10-15"", ""2024-10-31"", ""2024-11-16"", ""2024-12-02"", ""2024-12-18""], ""coastal"": [0.040400000000000005, 0.0368, 0.0302, 0.031, 0.0412, 0.4621, 0.134, 0.11760000000000001, 0.8678, 0.1515, 0.15410000000000001, 0.026000000000000002, 0.024, 0.027, 0.0342, 0.033600000000000005, 0.043300000000000005, 0.0522, 0.0337, 0.0349, 0.23170000000000002, 0.271, 0.08750000000000001], ""blue"": [0.0346, 0.0344, 0.0302, 0.032, 0.0366, 0.4761, 0.17450000000000002, 0.1063, 0.9625, 0.1549, 0.0954, 0.0269, 0.026000000000000002, 0.0291, 0.0337, 0.0329, 0.0376, 0.0504, 0.0287, 0.0363, 0.2393, 0.323, 0.0606], ""green"": [0.052700000000000004, 0.0505, 0.05, 0.0509, 0.0551, 0.45330000000000004, 0.1711, 0.1199, 0.8696, 0.1642, 0.10590000000000001, 0.042300000000000004, 0.0437, 0.0451, 0.0511, 0.052500000000000005, 0.0587, 0.06960000000000001, 0.057600000000000005, 0.059300000000000005, 0.2117, 0.2842, 0.06420000000000001], ""red"": [0.035500000000000004, 0.0251, 0.0313, 0.031200000000000002, 0.030600000000000002, 0.4403, 0.1564, 0.10260000000000001, 0.8203, 0.1456, 0.0863, 0.024, 0.0229, 0.028900000000000002, 0.0274, 0.0284, 0.035, 0.0434, 0.0315, 0.031, 0.18510000000000001, 0.22540000000000002, 0.0597], ""red-edge-1"": [1025, 742, 820, 818, 832, 4680, 1756, 1491, 8657, 2063, 1390, 694, 686, 859, 788, 869, 1048, 1209, 1034, 917, 2225, 2413, 855], ""red-edge-2"": [2651, 2457, 2444, 2366, 2646, 4994, 2464, 2915, 7781, 3292, 2901, 2220, 2206, 2373, 2370, 2601, 2642, 3189, 2707, 2740, 3150, 3035, 1574], ""red-edge-3"": [3521, 3255, 3135, 3017, 3409, 5239, 2733, 3498, 7413, 3783, 3543, 3108, 2882, 3029, 3136, 3319, 3375, 4052, 3442, 3407, 3615, 3206, 1878], ""nir"": [0.3381, 0.3341, 0.3205, 0.3211, 0.35450000000000004, 0.5099, 0.2742, 0.34600000000000003, 0.8202, 0.3821, 0.3531, 0.3134, 0.3057, 0.3121, 0.33380000000000004, 0.3582, 0.3385, 0.4027, 0.35750000000000004, 0.3617, 0.3675, 0.4021, 0.15990000000000001], ""water-vapour"": [3616, 3160, 3229, 3154, 3573, 6169, 2834, 3752, 15624, 6203, 4207, 2799, 2993, 3238, 3236, 3521, 3539, 3872, 3672, 3601, 10314, 8189, 2116], ""swir-1"": [2053, 1532, 1714, 1648, 1825, 4431, 2113, 2297, 4236, 2701, 2162, 1586, 1523, 1687, 1647, 1716, 1878, 2274, 1932, 1750, 2476, 2648, 1099], ""swir-2"": [842, 620, 725, 693, 737, 4044, 1505, 1328, 2438, 2109, 1336, 628, 600, 719, 672, 698, 810, 937, 804, 745, 1989, 1727, 649], ""narrow-nir"": [3859, 3576, 3481, 3316, 3818, 5641, 2889, 3878, 6866, 4147, 3885, 3366, 3299, 3389, 3551, 3707, 3736, 4515, 3820, 3914, 3815, 3285, 2042], ""evi"": [0.654, 0.6648000000000001, 0.6048, 0.5872, 0.6801, 0.4872, 0.36060000000000003, 0.5911000000000001, 0.5476, 0.5971000000000001, 0.6344000000000001, 0.611, 0.6032000000000001, 0.5988, 0.6467, 0.6611, 0.6503, 0.7648, 0.6463, 0.6903, 0.7040000000000001, 0.9974000000000001, 0.326], ""nbr"": [0.6417, 0.7044, 0.6552, 0.6542, 0.6763, 0.1648, 0.3149, 0.4898, 0.47590000000000005, 0.3257, 0.4882, 0.6855, 0.6922, 0.6499, 0.6817000000000001, 0.683, 0.6436000000000001, 0.6562, 0.6522, 0.6801, 0.3146, 0.3108, 0.5176000000000001], ""ndvi"": [0.8315, 0.8688, 0.8350000000000001, 0.8280000000000001, 0.8516, 0.1232, 0.2975, 0.5815, -0.0887, 0.4802, 0.6364000000000001, 0.8668, 0.8701000000000001, 0.8428, 0.8567, 0.8576, 0.8286, 0.8246, 0.8476, 0.8532000000000001, 0.3466, 0.18610000000000002, 0.5475]}"
-58.94972874424727,-2.6028028860492918,CORTE SELETIVO,2024-01-01,2024-12-18,S2-16D-2,"{""Index"": [""2024-01-01"", ""2024-01-17"", ""2024-02-02"", ""2024-02-18"", ""2024-03-05"", ""2024-03-21"", ""2024-04-06"", ""2024-04-22"", ""2024-05-08"", ""2024-05-24"", ""2024-06-09"", ""2024-06-25"", ""2024-07-11"", ""2024-07-27"", ""2024-08-12"", ""2024-08-28"", ""2024-09-13"", ""2024-09-29"", ""2024-10-15"", ""2024-10-31"", ""2024-11-16"", ""2024-12-02"", ""2024-12-18""], ""coastal"": [0.0367, 0.5109, 0.027100000000000003, 0.031100000000000003, 0.056400000000000006, 0.0541, 0.0868, 0.041100000000000005, 0.0465, 0.027100000000000003, 0.1416, 0.0229, 0.020800000000000003, 0.0222, 0.030100000000000002, 0.034, 0.0368, 0.0444, 0.0359, 0.0363, 0.1307, 0.11380000000000001, 0.3423], ""blue"": [0.0367, 0.4631, 0.0256, 0.035300000000000005, 0.0534, 0.06520000000000001, 0.08940000000000001, 0.0364, 0.047400000000000005, 0.0198, 0.1389, 0.023100000000000002, 0.0234, 0.034, 0.0329, 0.033100000000000004, 0.0379, 0.062200000000000005, 0.0437, 0.0303, 0.1655, 0.056900000000000006, 0.3932], ""green"": [0.0531, 0.4577, 0.0425, 0.048600000000000004, 0.058, 0.0531, 0.1003, 0.0522, 0.0531, 0.0256, 0.1411, 0.0345, 0.0361, 0.051000000000000004, 0.0437, 0.0465, 0.0553, 0.0809, 0.0707, 0.054700000000000006, 0.15960000000000002, 0.06760000000000001, 0.39030000000000004], ""red"": [0.047900000000000005, 0.44880000000000003, 0.0354, 0.039, 0.0476, 0.0456, 0.0828, 0.038700000000000005, 0.050300000000000004, 0.0183, 0.1213, 0.020200000000000003, 0.021500000000000002, 0.044500000000000005, 0.028900000000000002, 0.0315, 0.0461, 0.08320000000000001, 0.0678, 0.0402, 0.133, 0.061200000000000004, 0.3798], ""red-edge-1"": [868, 4989, 738, 731, 762, 656, 1165, 832, 905, 436, 1457, 621, 626, 854, 739, 804, 997, 1138, 1188, 1003, 1710, 822, 4170], ""red-edge-2"": [2114, 5507, 1928, 1943, 1556, 1133, 2156, 2130, 1801, 1177, 2412, 1759, 1906, 1829, 1982, 2122, 2215, 2231, 2331, 2505, 3092, 1539, 4827], ""red-edge-3"": [2614, 5931, 2417, 2513, 1955, 1325, 2582, 2715, 2360, 1539, 2810, 2424, 2454, 2283, 2551, 2713, 2666, 2717, 2812, 3033, 3811, 1901, 5086], ""nir"": [0.2469, 0.5306000000000001, 0.2182, 0.2485, 0.1766, 0.132, 0.2647, 0.2669, 0.20070000000000002, 0.14550000000000002, 0.2671, 0.2341, 0.2354, 0.2049, 0.2514, 0.28140000000000004, 0.256, 0.2696, 0.2681, 0.30660000000000004, 0.3929, 0.1773, 0.5159], ""water-vapour"": [3539, 8019, 2972, 2906, 2834, 2614, 2903, 3175, 2980, 1889, 4668, 2717, 2734, 2877, 2965, 3103, 3216, 3582, 3560, 3639, 6180, 3483, 6372], ""swir-1"": [1779, 4553, 1650, 1576, 1230, 815, 1703, 1803, 1791, 964, 1887, 1479, 1448, 1828, 1605, 1664, 1889, 2293, 2126, 1919, 2421, 1248, 4546], ""swir-2"": [785, 3728, 709, 717, 734, 443, 1013, 792, 761, 404, 1337, 626, 615, 785, 697, 707, 851, 1149, 1012, 860, 1294, 683, 3226], ""narrow-nir"": [2895, 5996, 2699, 2754, 2102, 1419, 2840, 3029, 2643, 1812, 3022, 2628, 2674, 2602, 2790, 3046, 3031, 3114, 3167, 3486, 4178, 2094, 5295], ""evi"": [0.464, 0.4602, 0.45430000000000004, 0.4748, 0.37110000000000004, 0.25980000000000003, 0.453, 0.5233, 0.4419, 0.3564, 0.4576, 0.5009, 0.5035000000000001, 0.4238, 0.5185000000000001, 0.5482, 0.4959, 0.4244, 0.44580000000000003, 0.5658000000000001, 0.7305, 0.32220000000000004, 0.4355], ""nbr"": [0.5733, 0.23320000000000002, 0.5839, 0.5868, 0.4823, 0.5241, 0.4741, 0.5854, 0.5528000000000001, 0.6353, 0.3865, 0.6152000000000001, 0.626, 0.5364, 0.6002000000000001, 0.6232, 0.5615, 0.46090000000000003, 0.5156000000000001, 0.6042000000000001, 0.527, 0.5081, 0.24280000000000002], ""ndvi"": [0.7160000000000001, 0.1438, 0.768, 0.7519, 0.6307, 0.5136000000000001, 0.5485, 0.7734000000000001, 0.6802, 0.8165, 0.42710000000000004, 0.8572000000000001, 0.8511000000000001, 0.7079000000000001, 0.8122, 0.8125, 0.7359, 0.5783, 0.6473, 0.7932, 0.517, 0.5476, 0.1646]}"
-58.96116729716649,-2.59539326170884,CORTE SELETIVO,2024-01-01,2024-12-18,S2-16D-2,"{""Index"": [""2024-01-01"", ""2024-01-17"", ""2024-02-02"", ""2024-02-18"", ""2024-03-05"", ""2024-03-21"", ""2024-04-06"", ""2024-04-22"", ""2024-05-08"", ""2024-05-24"", ""2024-06-09"", ""2024-06-25"", ""2024-07-11"", ""2024-07-27"", ""2024-08-12"", ""2024-08-28"", ""2024-09-13"", ""2024-09-29"", ""2024-10-15"", ""2024-10-31"", ""2024-11-16"", ""2024-12-02"", ""2024-12-18""], ""coastal"": [0.0616, 0.06280000000000001, 0.0304, 0.0359, 0.2548, 0.0879, 0.077, 0.04, 0.0441, 0.0339, 0.0364, 0.0239, 0.0233, 0.0263, 0.0316, 0.036500000000000005, 0.0405, 0.049, 0.036500000000000005, 0.0692, 0.23720000000000002, 0.0717, 1.3565], ""blue"": [0.0477, 0.06760000000000001, 0.059300000000000005, 0.0727, 0.2702, 0.096, 0.053200000000000004, 0.052000000000000005, 0.0483, 0.042100000000000005, 0.0386, 0.0339, 0.035, 0.0346, 0.047, 0.0713, 0.053000000000000005, 0.0599, 0.048400000000000006, 0.060200000000000004, 0.24430000000000002, 0.0775, 1.3112000000000001], ""green"": [0.0678, 0.0917, 0.09140000000000001, 0.1032, 0.2564, 0.1202, 0.063, 0.0736, 0.056900000000000006, 0.06330000000000001, 0.037200000000000004, 0.0499, 0.052000000000000005, 0.052700000000000004, 0.0655, 0.0961, 0.0746, 0.0782, 0.07390000000000001, 0.0736, 0.2255, 0.0998, 1.1780000000000002], ""red"": [0.0683, 0.092, 0.10650000000000001, 0.11760000000000001, 0.2378, 0.13440000000000002, 0.0621, 0.0806, 0.049800000000000004, 0.068, 0.0334, 0.053700000000000005, 0.0522, 0.0456, 0.0658, 0.1129, 0.0805, 0.0734, 0.0777, 0.067, 0.19870000000000002, 0.0989, 1.0924], ""red-edge-1"": [1382, 1624, 1381, 1389, 2796, 1679, 1036, 1164, 856, 1026, 405, 897, 940, 933, 1179, 1470, 1385, 1467, 1544, 1226, 2520, 1766, 11905], ""red-edge-2"": [2558, 2808, 2379, 2293, 3573, 2414, 1764, 2112, 1764, 2047, 666, 1594, 1690, 2018, 2077, 2388, 2403, 2788, 2707, 2351, 3861, 3258, 10779], ""red-edge-3"": [3062, 3510, 2795, 2731, 4022, 2815, 2132, 2401, 2283, 2438, 720, 2031, 2277, 2411, 2621, 2763, 2804, 3353, 3284, 2816, 4485, 3887, 10251], ""nir"": [0.25780000000000003, 0.3118, 0.27540000000000003, 0.2842, 0.38630000000000003, 0.26780000000000004, 0.1952, 0.2273, 0.2404, 0.2144, 0.06860000000000001, 0.1681, 0.1872, 0.25170000000000003, 0.2265, 0.2817, 0.2687, 0.3179, 0.2963, 0.2553, 0.4529, 0.368, 1.087], ""water-vapour"": [3600, 3978, 3110, 3044, 7060, 4257, 2997, 3084, 2825, 3058, 1067, 2660, 2688, 3016, 3042, 3257, 3303, 3904, 3639, 3257, 10256, 4361, 15891], ""swir-1"": [2155, 2497, 2098, 2154, 3163, 2214, 1530, 1758, 1509, 1775, 495, 1539, 1684, 1658, 2028, 2460, 2381, 2529, 2466, 1989, 3041, 2933, 6549], ""swir-2"": [955, 1108, 893, 1002, 2536, 1085, 769, 764, 643, 739, 266, 673, 739, 689, 959, 1159, 1020, 1197, 1093, 889, 2030, 1359, 4996], ""narrow-nir"": [3573, 3684, 3094, 2927, 4167, 3185, 2377, 2681, 2542, 2838, 803, 2258, 2308, 2660, 2699, 3163, 3198, 3742, 3598, 3182, 4854, 4322, 9980], ""evi"": [0.5126000000000001, 0.4888, 0.3373, 0.3012, 0.5474, 0.3276, 0.3624, 0.3442, 0.42910000000000004, 0.392, 0.1182, 0.3325, 0.34840000000000004, 0.4304, 0.38880000000000003, 0.34850000000000003, 0.4257, 0.5507000000000001, 0.48200000000000004, 0.4949, 0.8478, 0.5769000000000001, 0.1841], ""nbr"": [0.5781000000000001, 0.5375, 0.552, 0.4899, 0.24330000000000002, 0.4918, 0.5111, 0.5564, 0.5962000000000001, 0.5868, 0.5023, 0.5407000000000001, 0.5149, 0.5885, 0.4756, 0.4636, 0.5163, 0.5152, 0.534, 0.5632, 0.4102, 0.5215000000000001, 0.3327], ""ndvi"": [0.679, 0.6003000000000001, 0.4878, 0.4267, 0.2733, 0.40640000000000004, 0.5857, 0.5377000000000001, 0.6723, 0.6134000000000001, 0.41240000000000004, 0.6157, 0.631, 0.7073, 0.6079, 0.47390000000000004, 0.5978, 0.672, 0.6448, 0.6521, 0.41900000000000004, 0.6275000000000001, -0.0451]}"
-58.875729384790496,-2.5437634413559485,CORTE SELETIVO,2024-01-01,2024-12-18,S2-16D-2,"{""Index"": [""2024-01-01"", ""2024-01-17"", ""2024-02-02"", ""2024-02-18"", ""2024-03-05"", ""2024-03-21"", ""2024-04-06"", ""2024-04-22"", ""2024-05-08"", ""2024-05-24"", ""2024-06-09"", ""2024-06-25"", ""2024-07-11"", ""2024-07-27"", ""2024-08-12"", ""2024-08-28"", ""2024-09-13"", ""2024-09-29"", ""2024-10-15"", ""2024-10-31"", ""2024-11-16"", ""2024-12-02"", ""2024-12-18""], ""coastal"": [0.0388, 0.17020000000000002, 0.022600000000000002, 0.029400000000000003, 0.17650000000000002, 0.17750000000000002, 0.038, 0.0302, 0.0489, 0.0329, 0.032100000000000004, 0.0224, 0.0207, 0.0211, 0.029900000000000003, 0.0281, 0.036000000000000004, 0.12480000000000001, 0.0262, 0.0359, 0.15130000000000002, 0.0661, 0.33380000000000004], ""blue"": [0.0519, 0.2207, 0.0212, 0.0342, 0.17950000000000002, 0.153, 0.038200000000000005, 0.0245, 0.0395, 0.026000000000000002, 0.026500000000000003, 0.0239, 0.024, 0.0229, 0.0316, 0.030500000000000003, 0.031400000000000004, 0.0784, 0.0234, 0.0366, 0.2076, 0.060200000000000004, 0.47390000000000004], ""green"": [0.068, 0.21680000000000002, 0.0358, 0.046400000000000004, 0.1824, 0.13870000000000002, 0.0449, 0.034300000000000004, 0.0422, 0.0363, 0.024300000000000002, 0.034, 0.0361, 0.0346, 0.0446, 0.0458, 0.0494, 0.0864, 0.0441, 0.0516, 0.1932, 0.0761, 0.4186], ""red"": [0.0534, 0.19970000000000002, 0.021500000000000002, 0.030600000000000002, 0.1748, 0.1199, 0.0325, 0.026500000000000003, 0.0261, 0.022600000000000002, 0.016800000000000002, 0.020900000000000002, 0.0217, 0.0205, 0.026000000000000002, 0.0252, 0.032600000000000004, 0.056100000000000004, 0.025, 0.028800000000000003, 0.11030000000000001, 0.054900000000000004, 0.3718], ""red-edge-1"": [790, 2228, 625, 695, 2044, 1561, 705, 432, 678, 603, 292, 557, 617, 665, 716, 737, 844, 1129, 823, 741, 1515, 1084, 4074], ""red-edge-2"": [1780, 3157, 1990, 2040, 2621, 2299, 2151, 1115, 2039, 1987, 674, 1791, 1754, 2088, 2047, 2175, 2222, 2790, 2366, 2196, 2776, 2553, 4393], ""red-edge-3"": [2286, 3758, 2601, 2691, 3005, 2674, 2861, 1414, 2792, 2623, 931, 2390, 2320, 2674, 2678, 2788, 2819, 3560, 2912, 2788, 3416, 3198, 4395], ""nir"": [0.2031, 0.36710000000000004, 0.2675, 0.2783, 0.2908, 0.2681, 0.2697, 0.14500000000000002, 0.2612, 0.26880000000000004, 0.1061, 0.24600000000000002, 0.24400000000000002, 0.2575, 0.2788, 0.2984, 0.2827, 0.3518, 0.2914, 0.2849, 0.38330000000000003, 0.326, 0.4928], ""water-vapour"": [2824, 4239, 3069, 3037, 5150, 7820, 3263, 1746, 3182, 3047, 1402, 2716, 2745, 2996, 2989, 3128, 3157, 4966, 3360, 3212, 7619, 3698, 6432], ""swir-1"": [1347, 2586, 1423, 1474, 2105, 1607, 1497, 803, 1531, 1498, 482, 1336, 1288, 1374, 1389, 1463, 1510, 1878, 1573, 1494, 2126, 1823, 3522], ""swir-2"": [686, 1959, 573, 637, 1728, 1005, 676, 397, 594, 573, 218, 526, 524, 563, 574, 610, 629, 833, 651, 611, 1443, 821, 2494], ""narrow-nir"": [2653, 3965, 2962, 3006, 3092, 2991, 3255, 1580, 3163, 3000, 1051, 2669, 2678, 3046, 2983, 3114, 3156, 3997, 3308, 3151, 3785, 3676, 4440], ""evi"": [0.44270000000000004, 0.5237, 0.5423, 0.5498000000000001, 0.332, 0.5143, 0.5935, 0.29000000000000004, 0.6165, 0.559, 0.21910000000000002, 0.5069, 0.5051, 0.5655, 0.5592, 0.5798, 0.5545, 0.748, 0.5856, 0.5898, 1.3873, 0.6276, 1.4973], ""nbr"": [0.5890000000000001, 0.3386, 0.6758000000000001, 0.6502, 0.28290000000000004, 0.4969, 0.656, 0.5983, 0.6837000000000001, 0.6792, 0.6564, 0.6707000000000001, 0.6727000000000001, 0.6880000000000001, 0.6772, 0.6723, 0.6676000000000001, 0.655, 0.6711, 0.6751, 0.4479, 0.6348, 0.2806], ""ndvi"": [0.6648000000000001, 0.33, 0.8646, 0.8152, 0.2776, 0.42760000000000004, 0.8184, 0.7127, 0.8475, 0.8598, 0.7243, 0.8547, 0.8500000000000001, 0.8738, 0.8396, 0.8502000000000001, 0.8127000000000001, 0.7538, 0.8594, 0.8325, 0.5486, 0.7401, 0.08850000000000001]}"
-58.98960748699267,-2.5253290515365343,CORTE SELETIVO,2024-01-01,2024-12-18,S2-16D-2,"{""Index"": [""2024-01-01"", ""2024-01-17"", ""2024-02-02"", ""2024-02-18"", ""2024-03-05"", ""2024-03-21"", ""2024-04-06"", ""2024-04-22"", ""2024-05-08"", ""2024-05-24"", ""2024-06-09"", ""2024-06-25"", ""2024-07-11"", ""2024-07-27"", ""2024-08-12"", ""2024-08-28"", ""2024-09-13"", ""2024-09-29"", ""2024-10-15"", ""2024-10-31"", ""2024-11-16"", ""2024-12-02"", ""2024-12-18""], ""coastal"": [0.0376, 0.0396, 0.051300000000000005, 0.032, 0.2912, 0.07060000000000001, 0.0424, 0.051500000000000004, 0.1626, 0.21100000000000002, 0.019, 0.0212, 0.0206, 0.0217, 0.029, 0.030500000000000003, 0.0334, 0.042100000000000005, 0.0318, 0.0268, 0.4234, 0.2882, 0.0884], ""blue"": [0.0218, 0.0335, 0.0454, 0.0342, 0.2974, 0.06430000000000001, 0.044000000000000004, 0.0473, 0.133, 0.10060000000000001, 0.023, 0.0275, 0.026600000000000002, 0.0281, 0.036000000000000004, 0.033, 0.032, 0.043500000000000004, 0.0292, 0.025500000000000002, 0.4027, 0.29560000000000003, 0.0869], ""green"": [0.023100000000000002, 0.0514, 0.062200000000000005, 0.0494, 0.301, 0.0726, 0.061700000000000005, 0.061500000000000006, 0.1371, 0.10600000000000001, 0.018000000000000002, 0.0369, 0.0396, 0.0388, 0.048100000000000004, 0.047400000000000005, 0.052700000000000004, 0.059300000000000005, 0.0538, 0.0489, 0.3901, 0.27740000000000004, 0.09040000000000001], ""red"": [0.016, 0.0285, 0.048, 0.032100000000000004, 0.2972, 0.057600000000000005, 0.039, 0.042, 0.11120000000000001, 0.09390000000000001, 0.0106, 0.023, 0.024800000000000003, 0.025, 0.0308, 0.0273, 0.0324, 0.0352, 0.0339, 0.031200000000000002, 0.3647, 0.24630000000000002, 0.0737], ""red-edge-1"": [335, 819, 941, 747, 3326, 990, 894, 933, 1702, 1774, 189, 554, 577, 653, 698, 737, 835, 953, 922, 941, 4017, 2970, 1104], ""red-edge-2"": [703, 2439, 2146, 2043, 3749, 1997, 2412, 2292, 3114, 2878, 418, 1644, 1584, 1734, 1810, 2056, 2106, 2434, 2385, 2406, 4280, 3753, 2008], ""red-edge-3"": [912, 3158, 2607, 2637, 4103, 2429, 3160, 2856, 3811, 3447, 590, 2095, 2109, 2211, 2311, 2546, 2633, 3093, 2888, 3013, 4450, 4120, 2365], ""nir"": [0.0883, 0.32320000000000004, 0.2664, 0.2781, 0.37210000000000004, 0.24730000000000002, 0.3451, 0.2892, 0.3719, 0.27990000000000004, 0.0601, 0.23500000000000001, 0.2323, 0.2545, 0.25980000000000003, 0.2838, 0.2864, 0.33280000000000004, 0.3138, 0.3075, 0.459, 0.4179, 0.2346], ""water-vapour"": [966, 3581, 4398, 3076, 5223, 4525, 3688, 3430, 4770, 4494, 618, 2579, 2591, 2742, 2846, 3053, 3158, 3608, 3457, 3598, 16888, 7958, 3059], ""swir-1"": [558, 1647, 1541, 1452, 3179, 1486, 1730, 1743, 2539, 2483, 308, 1220, 1238, 1290, 1341, 1403, 1527, 1729, 1709, 1735, 3578, 3312, 1489], ""swir-2"": [292, 673, 784, 648, 2648, 738, 781, 835, 1535, 2044, 149, 495, 531, 546, 589, 599, 638, 737, 749, 750, 3319, 2459, 834], ""narrow-nir"": [1010, 3521, 2921, 2904, 4199, 2778, 3507, 3196, 4183, 3855, 626, 2388, 2331, 2493, 2585, 2843, 2974, 3394, 3275, 3427, 4531, 4410, 2551], ""evi"": [0.2056, 0.636, 0.4922, 0.5264, 0.3153, 0.4824, 0.621, 0.5703, 0.7056, 0.6103000000000001, 0.1363, 0.46080000000000004, 0.4404, 0.4717, 0.48510000000000003, 0.5351, 0.5292, 0.6211, 0.5594, 0.5817, 0.3558, 0.6935, 0.43370000000000003], ""nbr"": [0.5514, 0.679, 0.5767, 0.6351, 0.2265, 0.5802, 0.6357, 0.5857, 0.463, 0.307, 0.6154000000000001, 0.6566000000000001, 0.6289, 0.6406000000000001, 0.6288, 0.6519, 0.6467, 0.6431, 0.6277, 0.6408, 0.15430000000000002, 0.28400000000000003, 0.5072], ""ndvi"": [0.7264, 0.8502000000000001, 0.7177, 0.8009000000000001, 0.1711, 0.6565000000000001, 0.7998000000000001, 0.7676000000000001, 0.5799000000000001, 0.6082000000000001, 0.7103, 0.8242, 0.8076, 0.8177000000000001, 0.787, 0.8247, 0.8035, 0.812, 0.8123, 0.8331000000000001, 0.108, 0.2832, 0.5517000000000001]}"
